Cycle,#4_SOH,#5_SOH
1,0.968829818,0.971638
2,0.969927091,0.972316818
3,0.970623273,0.972831182
4,0.971034455,0.973110727
5,0.971445727,0.973289364
6,0.971583818,0.973556
7,0.971639727,0.973777273
8,0.971822818,0.973647909
9,0.971904818,0.973814818
10,0.971929091,0.973937091
11,0.971961636,0.973849364
12,0.971951727,0.973923455
13,0.971997727,0.973985636
14,0.972162182,0.974077091
15,0.972225273,0.974272909
16,0.972298182,0.974240455
17,0.972398818,0.974225
18,0.972490273,0.974328818
19,0.972469,0.974243091
20,0.972429909,0.974228455
21,0.972527818,0.974135182
22,0.972501727,0.974163364
23,0.972513091,0.974285818
24,0.972524545,0.974278636
25,0.972515545,0.974196909
26,0.972534455,0.974531909
27,0.972557,0.973351
28,0.97262,0.973538091
29,0.972670727,0.974555
30,0.972670273,0.974556273
31,0.972715727,0.974495
32,0.972716818,0.974638182
33,0.972660818,0.974569545
34,0.972646,0.974513091
35,0.972631,0.974487455
36,0.972633273,0.974352182
37,0.972574818,0.973276545
38,0.972553364,0.973338727
39,0.972600636,0.974524
40,0.972629636,0.974510818
41,0.972575636,0.974394091
42,0.972528,0.974474273
43,0.972607545,0.974344455
44,0.972653182,0.974344909
45,0.972684727,0.974526091
46,0.972659273,0.974218636
47,0.972624182,0.974423364
48,0.972616091,0.974580727
49,0.972689364,0.974594
50,0.972659455,0.974677
51,0.972698364,0.974545909
52,0.972701,0.974516727
53,0.972604727,0.974494727
54,0.972665727,0.973357091
55,0.972584455,0.974507636
56,0.972556273,0.974487909
57,0.972486273,0.974346091
58,0.972503273,0.974296091
59,0.972456909,0.974350091
60,0.972492909,0.974338091
61,0.972457182,0.974341091
62,0.972417727,0.974345727
63,0.972398455,0.974364091
64,0.972423364,0.974285909
65,0.972365727,0.974258273
66,0.972291909,0.974094364
67,0.972306545,0.974262
68,0.972283818,0.974081182
69,0.972341909,0.973968182
70,0.972294909,0.974033182
71,0.972349545,0.973956818
72,0.972326364,0.974055545
73,0.972451273,0.974028545
74,0.972299455,0.973878545
75,0.972313545,0.974017273
76,0.972342909,0.973832273
77,0.972423455,0.973792
78,0.972356,0.973986091
79,0.972251091,0.9739
80,0.972297364,0.974008818
81,0.972193091,0.973956
82,0.972208,0.973941636
83,0.972332727,0.974047
84,0.972285818,0.973981636
85,0.972279636,0.974074727
86,0.972269545,0.974082818
87,0.972121091,0.974054545
88,0.972155,0.973958
89,0.972082727,0.973877
90,0.972096636,0.973879545
91,0.971994636,0.973721636
92,0.972064091,0.973740909
93,0.971983273,0.973735
94,0.971965273,0.973622818
95,0.971941818,0.973622273
96,0.971981091,0.973733455
97,0.971934182,0.973647545
98,0.971978273,0.973667545
99,0.971846455,0.973572
100,0.971786,0.973750091
101,0.971845818,0.973598091
102,0.971746909,0.973598636
103,0.971830727,0.973582182
104,0.971806091,0.973546545
105,0.971913727,0.973542727
106,0.971965909,0.973336364
107,0.971955727,0.973401727
108,0.971960182,0.973607909
109,0.972033091,0.973615636
110,0.971983091,0.973381636
111,0.972014909,0.973605455
112,0.972078818,0.973714455
113,0.972025273,0.973831545
114,0.972033636,0.973621455
115,0.971830455,0.973725727
116,0.972089909,0.973842
117,0.971805727,0.973662818
118,0.971704636,0.973703818
119,0.971716182,0.973697727
120,0.971714364,0.973640909
121,0.971725182,0.973529909
122,0.971721455,0.973557909
123,0.971680455,0.973481727
124,0.971637727,0.973362455
125,0.971572182,0.973382818
126,0.971461455,0.973160273
127,0.971442091,0.973227545
128,0.971382273,0.973244818
129,0.971297455,0.973126636
130,0.971307818,0.973190273
131,0.971231364,0.973179545
132,0.971165818,0.973169273
133,0.971173455,0.97311
134,0.971145182,0.973076909
135,0.971061091,0.973120818
136,0.971154818,0.973076091
137,0.971218,0.973014545
138,0.971197364,0.972984364
139,0.971300091,0.972985545
140,0.971301273,0.972950545
141,0.971259636,0.973088
142,0.971136273,0.971974818
143,0.971170636,0.973110727
144,0.971193,0.973153182
145,0.971190364,0.973163545
146,0.971080182,0.973178909
147,0.971066091,0.973039545
148,0.971073545,0.973198273
149,0.971014727,0.973049909
150,0.970999545,0.973127364
151,0.970986545,0.973021545
152,0.970921091,0.972977909
153,0.970921818,0.972876909
154,0.970835273,0.972924364
155,0.970853545,0.972935182
156,0.970863,0.972889636
157,0.970715545,0.972869273
158,0.970639,0.972743455
159,0.970653182,0.972708455
160,0.970591091,0.971650364
161,0.970581364,0.972575727
162,0.970507455,0.972714273
163,0.970523364,0.971500545
164,0.970479273,0.972605545
165,0.970599091,0.972582727
166,0.970655909,0.972455
167,0.970615364,0.972608364
168,0.970604818,0.972629909
169,0.970589909,0.972685727
170,0.970532091,0.972642545
171,0.970475909,0.972617545
172,0.970433364,0.972686364
173,0.970434364,0.972615364
174,0.970371273,0.972411818
175,0.970385818,0.972175091
176,0.970397545,0.972387545
177,0.970432909,0.972330909
178,0.970380455,0.972420091
179,0.970269727,0.972511727
180,0.970265364,0.972487455
181,0.970267636,0.972329182
182,0.970256455,0.972335
183,0.970297545,0.972378727
184,0.970178636,0.972321273
185,0.970150636,0.972136727
186,0.970046545,0.972160273
187,0.969970545,0.971018364
188,0.969923636,0.972179091
189,0.969884818,0.972132909
190,0.969881909,0.972020545
191,0.969777545,0.971843909
192,0.969593636,0.971704727
193,0.969548909,0.971855455
194,0.969814364,0.971908818
195,0.969978818,0.971784273
196,0.969954636,0.971598182
197,0.969927818,0.971561545
198,0.969921818,0.971685909
199,0.969885909,0.970302818
200,0.969755091,0.971698455
201,0.969724636,0.971862818
202,0.969705364,0.971822818
203,0.969701364,0.971823364
204,0.969759545,0.971722455
205,0.969739818,0.971834182
206,0.969686273,0.971841364
207,0.969644091,0.971799455
208,0.969618,0.971830182
209,0.969609,0.971797364
210,0.969513364,0.971677273
211,0.969523636,0.971648182
212,0.969451636,0.971557545
213,0.969449636,0.971584364
214,0.969531364,0.971634091
215,0.969489727,0.971526455
216,0.969440182,0.971547909
217,0.969426727,0.969290364
218,0.969417818,0.971425909
219,0.969336909,0.971434455
220,0.969361,0.971507455
221,0.969286091,0.971442545
222,0.969309818,0.971372818
223,0.969215727,0.971359545
224,0.969262364,0.971240455
225,0.969235,0.971264545
226,0.969212909,0.970188909
227,0.969247727,0.971027727
228,0.969182,0.971161364
229,0.969224545,0.971164364
230,0.968991455,0.971204273
231,0.969001364,0.971173545
232,0.969028545,0.97111
233,0.968930364,0.971035182
234,0.968916818,0.971034909
235,0.968929182,0.970938091
236,0.968872182,0.970706909
237,0.968844909,0.970967455
238,0.968771455,0.969927455
239,0.968661091,0.970979455
240,0.968629,0.970994273
241,0.968654091,0.970818364
242,0.968603364,0.970841727
243,0.968635545,0.970723
244,0.968609182,0.970717273
245,0.968598091,0.970663909
246,0.968546091,0.969538455
247,0.968607636,0.970735
248,0.968601636,0.970587818
249,0.968487909,0.970532909
250,0.968529455,0.970624364
251,0.968473273,0.970537273
252,0.968369455,0.970613818
253,0.968421545,0.970384545
254,0.968409636,0.970516091
255,0.968221727,0.969350545
256,0.968166727,0.970413545
257,0.968218364,0.970250182
258,0.968174182,0.970371545
259,0.968214818,0.970266273
260,0.968118545,0.970254364
261,0.968067,0.970202
262,0.968066636,0.970168636
263,0.967922636,0.970122818
264,0.967875545,0.970232364
265,0.967857364,0.970111909
266,0.967943545,0.970152727
267,0.967896273,0.970114545
268,0.967779818,0.969983818
269,0.967793818,0.969947545
270,0.967785455,0.969811545
271,0.967801818,0.969939909
272,0.967726364,0.969945182
273,0.967771818,0.968731182
274,0.967746364,0.969776
275,0.967727364,0.969830182
276,0.967659364,0.969869091
277,0.967599273,0.969772727
278,0.967555364,0.969714182
279,0.967467364,0.969413727
280,0.967451727,0.968539818
281,0.967528636,0.968148182
282,0.967421,0.969419909
283,0.967363364,0.969427909
284,0.967378273,0.969456091
285,0.967355818,0.969408
286,0.967331727,0.969459182
287,0.967273091,0.969332818
288,0.967229273,0.969339273
289,0.967163636,0.969284909
290,0.967153636,0.969200818
291,0.967186818,0.969271636
292,0.967154182,0.969221364
293,0.967174091,0.969205
294,0.967011364,0.969159273
295,0.967035273,0.969153636
296,0.967061818,0.969200455
297,0.966999636,0.969085455
298,0.967036636,0.968034818
299,0.967085727,0.968940273
300,0.967031727,0.967870545
301,0.966890091,0.968819818
302,0.966834273,0.968938
303,0.966779636,0.968798364
304,0.966684909,0.968749727
305,0.966745,0.968718818
306,0.966636818,0.968884455
307,0.966627909,0.968828273
308,0.966574273,0.968628818
309,0.966599545,0.968609909
310,0.966498545,0.968382727
311,0.966471727,0.968412636
312,0.966415364,0.968505273
313,0.966423455,0.968568455
314,0.966379455,0.968468091
315,0.966365909,0.968473364
316,0.966301182,0.968429273
317,0.966271273,0.968401455
318,0.966360818,0.968362455
319,0.966262818,0.968299273
320,0.966161818,0.968314818
321,0.966221091,0.968234909
322,0.966254273,0.968204182
323,0.966104364,0.965880364
324,0.966151182,0.968083455
325,0.966099182,0.968048545
326,0.966080091,0.967933727
327,0.966010091,0.967964909
328,0.966010182,0.967961091
329,0.96604,0.967974727
330,0.966001,0.967967
331,0.966001727,0.967970182
332,0.965842364,0.967904909
333,0.965810455,0.967896273
334,0.965807,0.967883818
335,0.965745091,0.967806182
336,0.965794545,0.967778
337,0.965737,0.967759091
338,0.965668545,0.967861545
339,0.965640455,0.967896273
340,0.965638636,0.967836636
341,0.965589909,0.967682636
342,0.965546545,0.967677091
343,0.965514727,0.967606
344,0.965510364,0.967668818
345,0.965405364,0.967541091
346,0.965414182,0.967543545
347,0.965342455,0.967584
348,0.965309455,0.967440182
349,0.965325091,0.967455273
350,0.965232545,0.967483273
351,0.965229091,0.967444727
352,0.965224182,0.967331545
353,0.965186818,0.967230455
354,0.965230545,0.966146636
355,0.965220636,0.967286091
356,0.965207727,0.966000909
357,0.965170182,0.967192636
358,0.965186727,0.967038909
359,0.965196727,0.966884727
360,0.965181091,0.967088636
361,0.965041,0.96703
362,0.965097909,0.966942545
363,0.965079,0.965807727
364,0.965015,0.967088727
365,0.965010273,0.966902727
366,0.964963545,0.966949545
367,0.964935364,0.967004091
368,0.964920727,0.966929545
369,0.964844727,0.966936
370,0.964815818,0.966897545
371,0.964889455,0.966930091
372,0.964812364,0.966939091
373,0.964808182,0.966760364
374,0.964701818,0.966794455
375,0.964691636,0.96677
376,0.964638818,0.966724455
377,0.964587364,0.966717364
378,0.964585,0.966687818
379,0.964443182,0.966723909
380,0.964476909,0.966622818
381,0.964457545,0.966617
382,0.964479636,0.966600545
383,0.964491364,0.966629636
384,0.964421545,0.966731
385,0.964442818,0.966699818
386,0.964432091,0.966637364
387,0.964387182,0.966605273
388,0.964293727,0.966592636
389,0.964338364,0.966442182
390,0.964371273,0.966372364
391,0.964345636,0.966444636
392,0.964141545,0.966499545
393,0.964125273,0.966371364
394,0.964117182,0.966378545
395,0.964123909,0.966331727
396,0.964086273,0.966369818
397,0.964019818,0.966203455
398,0.96397,0.966325273
399,0.964005182,0.966360818
400,0.963962545,0.966235636
401,0.963914545,0.966408364
402,0.963879909,0.966347091
403,0.963876636,0.966278818
404,0.963864364,0.966192182
405,0.963812545,0.966085818
406,0.963798727,0.966149818
407,0.963742818,0.964910182
408,0.963719182,0.965933455
409,0.963711545,0.966070455
410,0.963632636,0.965995364
411,0.963626909,0.966031455
412,0.963577,0.966017182
413,0.963623636,0.965973455
414,0.963615182,0.964763909
415,0.963560091,0.965924818
416,0.963525636,0.965913636
417,0.963522909,0.965942
418,0.963489909,0.965841818
419,0.963480545,0.965738909
420,0.963495636,0.965818818
421,0.963404545,0.965846455
422,0.96352,0.965782818
423,0.963329909,0.965750182
424,0.963270545,0.965819182
425,0.963291182,0.965638727
426,0.963237091,0.965631636
427,0.963225364,0.965679364
428,0.963180364,0.965534273
429,0.963154455,0.965547636
430,0.963106909,0.965321455
431,0.963079364,0.965318364
432,0.963105091,0.965373364
433,0.962967182,0.965398455
434,0.962907545,0.965367273
435,0.962878182,0.965178636
436,0.962841545,0.965048182
437,0.962763455,0.965188636
438,0.962681545,0.965137182
439,0.962539545,0.965049182
440,0.962625273,0.965133909
441,0.962591727,0.964960273
442,0.962563727,0.964953727
443,0.962506636,0.964819273
444,0.962627364,0.964869909
445,0.962612091,0.964802636
446,0.962605182,0.964633364
447,0.962589909,0.964664909
448,0.962560364,0.964541182
449,0.962571273,0.964529091
450,0.962533909,0.964367636
451,0.962506545,0.964377
452,0.962448909,0.964197818
453,0.962431636,0.964047364
454,0.962433727,0.964082727
455,0.962418091,0.964221182
456,0.962361455,0.964023636
457,0.962313091,0.964261636
458,0.962301091,0.963048364
459,0.962204455,0.964302273
460,0.962169455,0.964241545
461,0.962194455,0.964299455
462,0.962153545,0.964273727
463,0.962045818,0.96444
464,0.962066,0.964300545
465,0.962058727,0.964315909
466,0.962040545,0.964284727
467,0.961964636,0.964128545
468,0.961925182,0.964066455
469,0.961860273,0.964056818
470,0.961811455,0.963996182
471,0.961856727,0.963898182
472,0.961770545,0.963948818
473,0.961659455,0.963865727
474,0.961608,0.963777
475,0.961663273,0.963652364
476,0.961588364,0.963673364
477,0.961545818,0.963637273
478,0.961578545,0.963597727
479,0.961483182,0.963540091
480,0.961479182,0.963408273
481,0.961444182,0.963577545
482,0.961412364,0.963452818
483,0.961426636,0.963456
484,0.961410818,0.963440182
485,0.961271636,0.963354091
486,0.961201182,0.963301091
487,0.961133636,0.963038091
488,0.961044182,0.963211909
489,0.961048273,0.963223455
490,0.961010091,0.963273182
491,0.960988818,0.963137545
492,0.960952545,0.963146
493,0.960960727,0.963045818
494,0.960855636,0.962911091
495,0.960807182,0.963007455
496,0.960798364,0.962768727
497,0.960718182,0.962780818
498,0.960583727,0.962817818
499,0.960467727,0.962650636
500,0.960479727,0.962706364
501,0.960363455,0.962605545
502,0.960362273,0.962614364
503,0.960217909,0.962616818
504,0.960066,0.962529909
505,0.960206091,0.96258
506,0.960252364,0.962414273
507,0.960041,0.962448909
508,0.960130909,0.962447545
509,0.960221364,0.961324818
510,0.960274636,0.962352727
511,0.960210909,0.962243273
512,0.960152364,0.962309091
513,0.960108818,0.962195909
514,0.960062727,0.962061636
515,0.960006364,0.962073818
516,0.960066,0.961981273
517,0.959948,0.961977364
518,0.959945182,0.962003273
519,0.959803091,0.961845636
520,0.959799636,0.961675182
521,0.959903182,0.961709909
522,0.959855636,0.961740818
523,0.959787182,0.96171
524,0.959764091,0.961918909
525,0.959661636,0.961886
526,0.959763182,0.962000364
527,0.959665909,0.961926636
528,0.959575273,0.961852091
529,0.959489818,0.961857727
530,0.959440727,0.961661
531,0.959389545,0.961777273
532,0.959384455,0.961797455
533,0.959281909,0.961809455
534,0.959246909,0.961814727
535,0.959193182,0.961689636
536,0.959246455,0.961516909
537,0.959235727,0.961425182
538,0.959177273,0.961570273
539,0.959158727,0.961484455
540,0.959104091,0.961422636
541,0.959121636,0.961399182
542,0.959117727,0.961382727
543,0.959023909,0.961349636
544,0.959045545,0.961243273
545,0.958983273,0.961272182
546,0.959056909,0.961141182
547,0.959017636,0.961073545
548,0.959091818,0.961021364
549,0.959056,0.961021
550,0.959051,0.960984636
551,0.958987364,0.960848364
552,0.958896182,0.960952
553,0.958798455,0.960925091
554,0.958831091,0.960874273
555,0.958797,0.960489273
556,0.958802909,0.960788273
557,0.958711455,0.960566
558,0.958690455,0.960562273
559,0.958744091,0.960649364
560,0.958591818,0.960585818
561,0.958609818,0.959582727
562,0.958588909,0.960628273
563,0.958552818,0.959634364
564,0.958508364,0.959462182
565,0.958368273,0.960678273
566,0.958347455,0.959476455
567,0.958300727,0.960707909
568,0.958226909,0.960606455
569,0.958142273,0.960547364
570,0.958201,0.960571636
571,0.958137273,0.960476091
572,0.958087273,0.960536364
573,0.958171727,0.960409091
574,0.958135091,0.960523455
575,0.958098182,0.959153
576,0.958100636,0.960458182
577,0.958097,0.960398455
578,0.958009091,0.960394545
579,0.957967364,0.960356545
580,0.957966,0.960316545
581,0.957906545,0.960199273
582,0.957808273,0.960204182
583,0.957690545,0.960089545
584,0.957642909,0.960101
585,0.957664545,0.958950091
586,0.957601636,0.959963455
587,0.957555545,0.959947455
588,0.957531636,0.960021545
589,0.957502455,0.960005182
590,0.957482,0.959813909
591,0.957370545,0.959852727
592,0.957350818,0.959860455
593,0.957266,0.959997
594,0.957241182,0.959834273
595,0.957358455,0.959759727
596,0.957278909,0.959672273
597,0.957290545,0.959659909
598,0.957238636,0.959559
599,0.957166455,0.959479182
600,0.957139182,0.959484727
601,0.956991182,0.959368364
602,0.956959091,0.959410091
603,0.956812,0.959241
604,0.956855364,0.959304182
605,0.956798364,0.959253091
606,0.956792636,0.959185727
607,0.956740727,0.959185545
608,0.956733455,0.959151091
609,0.956680909,0.958021636
610,0.956591273,0.958921273
611,0.956647182,0.959131182
612,0.956553,0.958983364
613,0.956535545,0.959096455
614,0.956439091,0.957919909
615,0.956451909,0.959070182
616,0.956412,0.958931727
617,0.956347818,0.958948636
618,0.956362818,0.958931636
619,0.956242273,0.958688545
620,0.956257273,0.958804727
621,0.956250455,0.958782909
622,0.956122364,0.958614909
623,0.956131182,0.958630182
624,0.956135636,0.958607636
625,0.955994091,0.958569818
626,0.955928909,0.958545545
627,0.955849818,0.958461636
628,0.955795273,0.958455
629,0.955781909,0.958526364
630,0.955738545,0.958256
631,0.955738091,0.958371909
632,0.955758545,0.958233818
633,0.955688545,0.958153091
634,0.955599,0.958253182
635,0.955619727,0.958295545
636,0.955598545,0.958304636
637,0.955552182,0.958198636
638,0.955514182,0.955790364
639,0.955417273,0.958010364
640,0.955397364,0.958008636
641,0.955279727,0.957992909
642,0.955292455,0.958015818
643,0.955198273,0.957852455
644,0.955256545,0.957911455
645,0.955170545,0.957872909
646,0.955047727,0.957655545
647,0.955023636,0.957673273
648,0.954932909,0.957621545
649,0.954919273,0.956498909
650,0.954829,0.957562364
651,0.954726,0.957509818
652,0.954732545,0.957588
653,0.954730727,0.957617545
654,0.954664091,0.957534818
655,0.954622182,0.957477182
656,0.954614545,0.957491182
657,0.95437,0.957259818
658,0.954494,0.957308545
659,0.954474,0.956102545
660,0.954398091,0.957231273
661,0.954374091,0.957090455
662,0.954261545,0.957269455
663,0.954192091,0.957034
664,0.954192545,0.957064818
665,0.954126,0.957204727
666,0.954181273,0.957197636
667,0.954075091,0.957071818
668,0.953997455,0.957024273
669,0.953912273,0.956935091
670,0.953936,0.956791727
671,0.953886273,0.956717273
672,0.953836455,0.956754545
673,0.953745636,0.955715909
674,0.953726909,0.956499273
675,0.953647636,0.956544
676,0.953650909,0.956423818
677,0.953659909,0.956494727
678,0.953593364,0.956469364
679,0.953590909,0.956553545
680,0.953590455,0.956441727
681,0.953497545,0.956395455
682,0.953407727,0.956314727
683,0.953377091,0.95629
684,0.953352636,0.956283818
685,0.953245091,0.956165727
686,0.953204182,0.956193636
687,0.953150727,0.956146636
688,0.953070182,0.956073091
689,0.953018091,0.954902273
690,0.952990727,0.955954545
691,0.952958727,0.955922091
692,0.952948636,0.955903182
693,0.952878909,0.955840091
694,0.952832909,0.955788455
695,0.952737,0.955811636
696,0.952625909,0.955672545
697,0.952671364,0.955648455
698,0.952629909,0.955724727
699,0.952574,0.955669364
700,0.952566636,0.955780727
701,0.952502364,0.954605545
702,0.952462364,0.955598909
703,0.952455,0.955655
704,0.952464273,0.955539727
705,0.952403636,0.955463455
706,0.952276273,0.955632273
707,0.952336545,0.955482727
708,0.952380545,0.955553909
709,0.952267091,0.955464545
710,0.952333364,0.955365455
711,0.952205636,0.955379364
712,0.952154091,0.955272909
713,0.952166727,0.955405545
714,0.952051636,0.955156273
715,0.951990545,0.955215
716,0.951983091,0.954135909
717,0.951904182,0.955206818
718,0.951893545,0.955318
719,0.951892273,0.955160818
720,0.951873455,0.955065091
721,0.951888,0.955071091
722,0.951758727,0.955037091
723,0.951753727,0.954949818
724,0.951684364,0.954872
725,0.951517909,0.954950091
726,0.951456727,0.954733636
727,0.951455364,0.954763545
728,0.951413,0.954809636
729,0.951353091,0.954763545
730,0.951376,0.954720909
731,0.951353182,0.954748364
732,0.951351273,0.954787273
733,0.951309727,0.954636727
734,0.951302364,0.953495818
735,0.951260909,0.954604818
736,0.951200545,0.954494182
737,0.951203909,0.954540818
738,0.951112818,0.953429545
739,0.951024818,0.953398545
740,0.950924364,0.954411273
741,0.950894545,0.954301727
742,0.950827636,0.954258545
743,0.950814182,0.954267545
744,0.950699091,0.954147727
745,0.950694818,0.954109727
746,0.950625818,0.954145636
747,0.950499818,0.954086273
748,0.950474545,0.953981455
749,0.950460182,0.953988182
750,0.950414182,0.954029455
751,0.950353455,0.953843091
752,0.950209727,0.953994727
753,0.950197273,0.953835182
754,0.950205455,0.953613273
755,0.950119636,0.953831545
756,0.950028182,0.953681273
757,0.949953273,0.953830818
758,0.949991,0.953710182
759,0.949885091,0.953755273
760,0.949823,0.953617545
761,0.949762273,0.953645455
762,0.949766727,0.953613545
763,0.949692727,0.953660727
764,0.949717909,0.953553909
765,0.949664636,0.953397455
766,0.949568818,0.953488273
767,0.949531545,0.953363
768,0.949436273,0.953258273
769,0.949440091,0.953289909
770,0.949439636,0.953255091
771,0.949369909,0.953013455
772,0.949320818,0.953099727
773,0.949284818,0.953077545
774,0.949387182,0.953119364
775,0.949256182,0.953022545
776,0.949136636,0.953069636
777,0.949030909,0.951806727
778,0.949040182,0.952896273
779,0.948992,0.952831364
780,0.948991273,0.952666545
781,0.948866909,0.952718273
782,0.948772182,0.952700636
783,0.948737182,0.952495
784,0.948650182,0.952607091
785,0.948647364,0.952474818
786,0.948531818,0.952447
787,0.948471364,0.952276182
788,0.948438455,0.952362455
789,0.948351818,0.952203727
790,0.948244909,0.952244636
791,0.948221455,0.952102636
792,0.948225818,0.952068364
793,0.947989,0.952008455
794,0.948023,0.951960636
795,0.947959727,0.951951091
796,0.947961182,0.951941273
797,0.947914091,0.951875273
798,0.947837,0.951942273
799,0.947834818,0.951962273
800,0.947784636,0.952005636
801,0.947727909,0.952089091
802,0.947661545,0.951873636
803,0.947572091,0.951806818
804,0.947561273,0.951709727
805,0.947449636,0.951664545
806,0.947377,0.951594
807,0.947302909,0.951598273
808,0.947279909,0.951483273
809,0.947231727,0.951456273
810,0.947213727,0.950277273
811,0.947149818,0.951345091
812,0.947111545,0.951359364
813,0.947088182,0.951290636
814,0.947006091,0.951241545
815,0.947030545,0.951087818
816,0.946971909,0.950993
817,0.946965455,0.950986
818,0.946890545,0.950908909
819,0.946785727,0.95069
820,0.946695909,0.950736636
821,0.946623909,0.950903
822,0.946610909,0.950599182
823,0.946596636,0.950750909
824,0.946571727,0.950708727
825,0.946483,0.950760727
826,0.946330273,0.950664455
827,0.946216909,0.950586364
828,0.946162273,0.950635273
829,0.946115727,0.950738273
830,0.946127818,0.950656364
831,0.946096818,0.950531
832,0.946042,0.950455364
833,0.945923182,0.950330182
834,0.945855727,0.950376545
835,0.945779182,0.950235
836,0.945832636,0.950382545
837,0.945790455,0.950279818
838,0.945723727,0.950267818
839,0.945744636,0.950199273
840,0.945581818,0.950176
841,0.945406091,0.950215182
842,0.945431455,0.950015091
843,0.945318545,0.949925182
844,0.945237545,0.949995727
845,0.945164818,0.949896727
846,0.945204364,0.949882455
847,0.945133545,0.949911636
848,0.944976545,0.949830818
849,0.944951091,0.949769273
850,0.944921727,0.949740182
851,0.944810273,0.949761
852,0.944756182,0.949717
853,0.944696818,0.949656818
854,0.944673,0.949454636
855,0.944665273,0.949515455
856,0.944623091,0.949425364
857,0.944571818,0.949404545
858,0.944529545,0.949335545
859,0.944419455,0.949218364
860,0.944427364,0.949123636
861,0.944352727,0.949138182
862,0.944290818,0.949018091
863,0.944201545,0.949080818
864,0.944095182,0.949029636
865,0.944039273,0.948903636
866,0.944012091,0.948922545
867,0.944023818,0.948918818
868,0.943971636,0.948798182
869,0.943902091,0.948913091
870,0.943859091,0.948674
871,0.943876909,0.948708273
872,0.943802636,0.948739455
873,0.943712182,0.948702455
874,0.943658545,0.948618636
875,0.943626182,0.948648455
876,0.943587,0.948540727
877,0.943506545,0.948515091
878,0.943478909,0.948337727
879,0.943499,0.948335273
880,0.94341,0.948331364
881,0.943384909,0.948358364
882,0.943327909,0.948207909
883,0.943093727,0.948360545
884,0.943061727,0.948282182
885,0.942986909,0.948203455
886,0.942901727,0.948116455
887,0.942850455,0.948056727
888,0.942840727,0.948027727
889,0.942756909,0.947847909
890,0.942762182,0.947886727
891,0.942640818,0.946860727
892,0.942580636,0.947877091
893,0.942498636,0.948038818
894,0.942491636,0.947840909
895,0.942526091,0.947866545
896,0.942430636,0.947861364
897,0.942201818,0.947777364
898,0.942220273,0.947939091
899,0.942119545,0.947908273
900,0.942163909,0.947741727
901,0.941963636,0.947683091
902,0.941945182,0.947716091
903,0.941913545,0.947684818
904,0.941817091,0.947658455
905,0.941748818,0.947564909
906,0.941645909,0.947464364
907,0.941677545,0.947366182
908,0.941555909,0.947353091
909,0.941482545,0.947466545
910,0.941420364,0.947353909
911,0.941312455,0.947444909
912,0.941268545,0.947362545
913,0.941224091,0.947359545
914,0.941159091,0.947269455
915,0.941067364,0.947244909
916,0.940927727,0.947225545
917,0.941024727,0.947215273
918,0.940952636,0.947140091
919,0.940872727,0.947145091
920,0.940801455,0.946859545
921,0.940744909,0.947034182
922,0.940672091,0.946899909
923,0.940744636,0.946809818
924,0.940440364,0.946940182
925,0.940483818,0.946742545
926,0.940545,0.946709909
927,0.940367273,0.946448818
928,0.940314545,0.946497273
929,0.940245,0.946361545
930,0.940231727,0.946263909
931,0.940183909,0.945087455
932,0.940173909,0.946115364
933,0.940078818,0.946056
934,0.939913,0.946112636
935,0.939874727,0.945883455
936,0.939712818,0.945814182
937,0.939761091,0.945833091
938,0.939673182,0.945908727
939,0.939625818,0.945791
940,0.939593727,0.945651091
941,0.939485182,0.945634545
942,0.939313636,0.945588636
943,0.939263455,0.945540545
944,0.939381364,0.945398727
945,0.939134545,0.945413364
946,0.939178455,0.945329091
947,0.939006727,0.945341818
948,0.939029818,0.945284
949,0.938936545,0.945172727
950,0.938937636,0.945232
951,0.938863,0.945181455
952,0.938807,0.945098636
953,0.938608545,0.945055636
954,0.938672909,0.944976182
955,0.938717,0.944892727
956,0.938697909,0.944924909
957,0.938300545,0.944825818
958,0.938322909,0.944868364
959,0.938264909,0.944842091
960,0.938246545,0.944664273
961,0.938156182,0.944668364
962,0.938113182,0.944625455
963,0.938029636,0.944612636
964,0.937971636,0.944534455
965,0.937922364,0.944492727
966,0.937852636,0.944419091
967,0.937821545,0.944386091
968,0.937576818,0.944328636
969,0.937651182,0.944203273
970,0.937616636,0.944073545
971,0.937536455,0.944171636
972,0.937536455,0.944039364
973,0.937461636,0.944028909
974,0.937363,0.944020091
975,0.937315545,0.943955364
976,0.937249364,0.943951273
977,0.937179091,0.943799636
978,0.937219545,0.943816455
979,0.937148,0.943675727
980,0.936996545,0.943590818
981,0.937081909,0.943584545
982,0.937047091,0.943542909
983,0.936928091,0.943508
984,0.936635091,0.943428364
985,0.936564,0.943335727
986,0.936679545,0.943246091
987,0.93669,0.943227364
988,0.936579273,0.943313091
989,0.936525727,0.943077182
990,0.936493182,0.943170636
991,0.936414636,0.943067182
992,0.936341545,0.943015455
993,0.936025455,0.943007545
994,0.936104636,0.942966818
995,0.935997727,0.942984273
996,0.935944636,0.942922091
997,0.935891364,0.942832636
998,0.935727,0.942622727
999,0.935602818,0.942578636
1000,0.935532,0.942524273
1001,0.935521364,0.942449091
1002,0.935495,0.942323818
1003,0.935330273,0.942383
1004,0.93528,0.942298909
1005,0.935169273,0.942182
1006,0.935092636,0.942248636
1007,0.935092364,0.942187455
1008,0.935039818,0.942133636
1009,0.934990727,0.942127909
1010,0.934964818,0.942008364
1011,0.934867636,0.941911818
1012,0.934811,0.942026636
1013,0.934725364,0.941780273
1014,0.934647091,0.941881636
1015,0.934400545,0.941784182
1016,0.93437,0.941747182
1017,0.934242636,0.941646636
1018,0.934187182,0.941569364
1019,0.934195727,0.941614636
1020,0.934128364,0.941644909
1021,0.934038909,0.941529455
1022,0.934173273,0.941411727
1023,0.933986182,0.941414
1024,0.934035455,0.941364727
1025,0.933710545,0.941313818
1026,0.933662,0.941263364
1027,0.933662455,0.941344909
1028,0.933686909,0.941230455
1029,0.933546818,0.941206727
1030,0.933524545,0.941248273
1031,0.933245727,0.941090455
1032,0.933164182,0.941003455
1033,0.933211727,0.941042364
1034,0.933066636,0.940836091
1035,0.932929364,0.940851636
1036,0.932907182,0.940835364
1037,0.932801182,0.940733091
1038,0.932769455,0.940717455
1039,0.932746909,0.940614
1040,0.932673182,0.940586
1041,0.932737909,0.940514
1042,0.9326,0.940501273
1043,0.932627091,0.940377909
1044,0.932546545,0.940318455
1045,0.932405364,0.940253273
1046,0.932370273,0.940236364
1047,0.932305182,0.940159364
1048,0.932277545,0.940184273
1049,0.932109273,0.940058636
1050,0.932038818,0.939988182
1051,0.932065182,0.940029818
1052,0.932003545,0.940046545
1053,0.931959545,0.939858909
1054,0.931948455,0.939841273
1055,0.931713909,0.939802455
1056,0.931731545,0.939694727
1057,0.931597909,0.939714727
1058,0.931484091,0.939664636
1059,0.931449,0.939520455
1060,0.931420364,0.939447727
1061,0.931351818,0.939344909
1062,0.931274364,0.939366818
1063,0.931191636,0.939279545
1064,0.931122909,0.939273909
1065,0.931024909,0.939184455
1066,0.930941455,0.939098455
1067,0.930797182,0.939023727
1068,0.930795636,0.939082273
1069,0.930636455,0.939054727
1070,0.930590455,0.938894636
1071,0.930527545,0.938939
1072,0.930549,0.938867636
1073,0.930414636,0.938856909
1074,0.930306455,0.938723909
1075,0.930296182,0.938661818
1076,0.930181636,0.938463636
1077,0.930111545,0.938441545
1078,0.930079364,0.938476182
1079,0.929991909,0.938293364
1080,0.929920364,0.938293545
1081,0.929748182,0.938277
1082,0.929595273,0.938129273
1083,0.929440545,0.938209364
1084,0.929375545,0.938058091
1085,0.929232182,0.938042182
1086,0.929174636,0.937996545
1087,0.929133455,0.938001636
1088,0.929027727,0.937850273
1089,0.928899091,0.937744909
1090,0.928867,0.937662545
1091,0.928742909,0.937591818
1092,0.928683727,0.937495
1093,0.928627909,0.937454182
1094,0.928536,0.937401909
1095,0.928358364,0.937375455
1096,0.928307455,0.93721
1097,0.928214818,0.937181182
1098,0.928145,0.937132
1099,0.928088,0.937067818
1100,0.928020455,0.937032818
1101,0.927865182,0.936888455
1102,0.927785818,0.936797636
1103,0.927712455,0.936761636
1104,0.927602455,0.936579182
1105,0.927551182,0.936521727
1106,0.927429182,0.936459636
1107,0.927322909,0.936557091
1108,0.927253273,0.936359909
1109,0.927160727,0.936317
1110,0.927047818,0.936225636
1111,0.927116545,0.936203545
1112,0.927011545,0.936118727
1113,0.926883727,0.935983182
1114,0.926803909,0.935919545
1115,0.926727364,0.935911364
1116,0.926643273,0.935829909
1117,0.926539455,0.935758364
1118,0.926467727,0.935736455
1119,0.926373545,0.935643
1120,0.926320909,0.935640455
1121,0.926304091,0.935532364
1122,0.926196909,0.935543364
1123,0.926252909,0.935420818
1124,0.926051455,0.93541
1125,0.925811455,0.935359545
1126,0.925782091,0.935413273
1127,0.925881636,0.935270818
1128,0.925798545,0.935218636
1129,0.925634,0.935209818
1130,0.925557636,0.935032182
1131,0.925265727,0.935051
1132,0.925321545,0.935013545
1133,0.925134091,0.934867727
1134,0.925066364,0.934825455
1135,0.924971455,0.934675364
1136,0.924908182,0.934629
1137,0.924838545,0.934436182
1138,0.924773455,0.934455727
1139,0.924614091,0.934341091
1140,0.924502182,0.934298818
1141,0.924347818,0.934268273
1142,0.924318273,0.934305545
1143,0.924197364,0.934129909
1144,0.924123455,0.934096364
1145,0.924089,0.934048364
1146,0.923974727,0.934032636
1147,0.923865364,0.933917909
1148,0.923826545,0.933883182
1149,0.923685909,0.933860545
1150,0.923529182,0.933764455
1151,0.923503455,0.933724636
1152,0.923467909,0.933617
1153,0.923273636,0.933511455
1154,0.923225545,0.933519364
1155,0.923232091,0.933464
1156,0.923108182,0.933422636
1157,0.922966091,0.933454818
1158,0.922812545,0.933322727
1159,0.922716818,0.933234909
1160,0.922701182,0.933253545
1161,0.922436909,0.933146727
1162,0.922342909,0.933087818
1163,0.922222364,0.933053636
1164,0.922181818,0.932872818
1165,0.922042364,0.932845818
1166,0.921965364,0.932811
1167,0.921916182,0.932865273
1168,0.921881818,0.932832091
1169,0.921755636,0.932682545
1170,0.921713091,0.932621
1171,0.921637364,0.932561909
1172,0.921504,0.932490091
1173,0.921459091,0.932444455
1174,0.921388091,0.932384909
1175,0.921265,0.932289273
1176,0.921169182,0.932242455
1177,0.921112636,0.932116091
1178,0.920993455,0.932114091
1179,0.920808636,0.932054455
1180,0.920578,0.931900545
1181,0.920551364,0.931968545
1182,0.920474182,0.931835727
1183,0.920444818,0.931811909
1184,0.920368,0.931609364
1185,0.920206818,0.931632636
1186,0.920210818,0.931490909
1187,0.920178364,0.931496
1188,0.920202364,0.931448182
1189,0.919943727,0.931415545
1190,0.919938273,0.931231545
1191,0.919815545,0.931268364
1192,0.919595182,0.931123909
1193,0.919507,0.931115909
1194,0.919391091,0.930925636
1195,0.919381909,0.930889727
1196,0.919294364,0.930767273
1197,0.919239182,0.930856909
1198,0.919192727,0.930621
1199,0.919032091,0.930562818
1200,0.918985273,0.930514364
1201,0.918990091,0.930478545
1202,0.919277273,0.930490364
1203,0.919286545,0.930417091
1204,0.919323727,0.930335273
1205,0.919331636,0.930227909
1206,0.919129182,0.930100545
1207,0.919122455,0.930070909
1208,0.919084727,0.930070545
1209,0.919079909,0.929926727
1210,0.919046182,0.929891455
1211,0.918898545,0.929831636
1212,0.918600364,0.929743273
1213,0.918566455,0.929656636
1214,0.918422545,0.929676818
1215,0.918389545,0.929617455
1216,0.918268364,0.929563091
1217,0.918226545,0.929496727
1218,0.918206727,0.929472636
1219,0.918096455,0.929395818
1220,0.918124364,0.929261
1221,0.918100636,0.929121455
1222,0.917934182,0.929056636
1223,0.917804818,0.928958364
1224,0.917658182,0.929023455
1225,0.917536273,0.928852636
1226,0.917315455,0.928766364
1227,0.917192545,0.928662909
1228,0.917073909,0.928612
1229,0.917026455,0.928589727
1230,0.916944545,0.928613727
1231,0.916896091,0.928534091
1232,0.916772727,0.928404455
1233,0.916738545,0.928255091
1234,0.916808545,0.928244273
1235,0.916667818,0.928210636
1236,0.916543455,0.928177091
1237,0.916322818,0.928105
1238,0.916366818,0.928003364
1239,0.916234,0.927927727
1240,0.915938909,0.927777545
1241,0.916015545,0.927754545
1242,0.915921818,0.927696727
1243,0.915986,0.927633182
1244,0.915870545,0.927596545
1245,0.915650364,0.927451818
1246,0.915514,0.927364818
1247,0.915413273,0.927376455
1248,0.915528182,0.927389364
1249,0.915328818,0.927377636
1250,0.915297273,0.927419091
1251,0.915188909,0.927426091
1252,0.91512,0.927327455
1253,0.915023273,0.927296909
1254,0.914951,0.927267909
1255,0.914807,0.927226364
1256,0.914737,0.927059091
1257,0.914518273,0.927081
1258,0.914430545,0.927025909
1259,0.914365091,0.926911727
1260,0.914328273,0.926817
1261,0.914167636,0.926874182
1262,0.914143364,0.926712727
1263,0.913803182,0.926632091
1264,0.913795636,0.926573818
1265,0.913796273,0.926465455
1266,0.913490273,0.926484455
1267,0.913384636,0.926392091
1268,0.913359818,0.926301273
1269,0.913193636,0.926249091
1270,0.912964818,0.926200182
1271,0.912858636,0.926034364
1272,0.912717545,0.925989455
1273,0.912627182,0.925890636
1274,0.912534545,0.925812182
1275,0.912564273,0.925734273
1276,0.912524545,0.925637182
1277,0.912272455,0.925527273
1278,0.912244636,0.925517636
1279,0.912026364,0.925334182
1280,0.911878364,0.925305545
1281,0.911874091,0.925264182
1282,0.911626273,0.925228455
1283,0.911536182,0.925211182
1284,0.911401727,0.925145273
1285,0.911275727,0.925050545
1286,0.911231273,0.924896455
1287,0.911079818,0.924916818
1288,0.910997818,0.924763455
1289,0.910852364,0.924857545
1290,0.910663091,0.924785455
1291,0.910564545,0.924693818
1292,0.910582091,0.924634364
1293,0.910658909,0.924521818
1294,0.910549909,0.924475636
1295,0.910341545,0.924482273
1296,0.910237818,0.924375273
1297,0.910116455,0.924392636
1298,0.909934,0.924350818
1299,0.909783364,0.924287909
1300,0.909679909,0.924141636
1301,0.909550364,0.924045455
1302,0.909483455,0.923940909
1303,0.909327455,0.923926273
1304,0.909237,0.923781727
1305,0.909095091,0.923707364
1306,0.908958691,0.923765455
1307,0.9088325,0.923592545
1308,0.908686736,0.923466182
1309,0.908649782,0.923418545
1310,0.908515618,0.923479455
1311,0.908362591,0.923308818
1312,0.908171045,0.923164
1313,0.907863164,0.923110545
1314,0.907873291,0.923029818
1315,0.907873618,0.922919273
1316,0.907716918,0.922883636
1317,0.9075387,0.922728455
1318,0.907386645,0.922672818
1319,0.907250209,0.922705455
1320,0.907024691,0.922532182
1321,0.906987409,0.922499364
1322,0.906812118,0.922365727
1323,0.9066514,0.922399364
1324,0.9064902,0.922271636
1325,0.906352727,0.922181727
1326,0.905876809,0.922102636
1327,0.9057019,0.921997818
1328,0.905571745,0.922020364
1329,0.905380627,0.921912727
1330,0.905146818,0.921743636
1331,0.904953209,0.921801727
1332,0.9048431,0.921715182
1333,0.904680218,0.921619273
1334,0.904596773,0.921559545
1335,0.904441473,0.921454545
1336,0.904460118,0.921468182
1337,0.9039473,0.921355273
1338,0.903720582,0.921239545
1339,0.903484009,0.921265
1340,0.903448464,0.921174818
1341,0.903444782,0.921105818
1342,0.903344809,0.921016364
1343,0.902793682,0.920938909
1344,0.902907791,0.920849909
1345,0.902651709,0.920712545
1346,0.9025771,0.920699091
1347,0.902438,0.920515091
1348,0.902284218,0.920470545
1349,0.902104864,0.920283909
1350,0.9019409,0.920220091
1351,0.901779636,0.920120273
1352,0.901587609,0.920016091
1353,0.9012782,0.919970091
1354,0.901147936,0.919912273
1355,0.900916618,0.919791636
1356,0.900715155,0.919784545
1357,0.9004911,0.919651364
1358,0.900355255,0.919597727
1359,0.900109682,0.919402091
1360,0.899563973,0.919424364
1361,0.899208409,0.919311364
1362,0.899025091,0.919224636
1363,0.898886536,0.919149
1364,0.898626773,0.919142727
1365,0.898311082,0.918973727
1366,0.898147118,0.918831818
1367,0.897887191,0.918679
1368,0.897741155,0.918691818
1369,0.897472282,0.918621273
1370,0.8971825,0.918436636
1371,0.897052345,0.918390545
1372,0.896830291,0.918211364
1373,0.896662364,0.918084727
1374,0.896344673,0.918069364
1375,0.8961036,0.917911273
1376,0.895819391,0.917842091
1377,0.895628445,0.917714
1378,0.895468755,0.917502182
1379,0.895154045,0.917440455
1380,0.894898827,0.917234455
1381,0.894751818,0.917302
1382,0.8944687,0.917160909
1383,0.894277855,0.917082727
1384,0.893995436,0.916962909
1385,0.893793809,0.916873455
1386,0.893542873,0.916786909
1387,0.893321309,0.916683545
1388,0.892957445,0.916605364
1389,0.892794291,0.916441364
1390,0.8925439,0.916331273
1391,0.892361782,0.916172636
1392,0.892089982,0.916110636
1393,0.891505645,0.916014182
1394,0.891175809,0.915925
1395,0.890851782,0.915845091
1396,0.890558691,0.915792818
1397,0.890329209,0.915760636
1398,0.8901627,0.915616727
1399,0.889806964,0.915510182
1400,0.889621645,0.915359364
1401,0.8893486,0.915255909
1402,0.889145782,0.915240818
1403,0.888900809,0.915048455
1404,0.888664618,0.914952364
1405,0.888406636,0.914934
1406,0.888023164,0.914715545
1407,0.887800727,0.914641
1408,0.887398282,0.914489273
1409,0.887226355,0.914375636
1410,0.886869809,0.914296545
1411,0.886441582,0.914206
1412,0.886324755,0.914076273
1413,0.885911155,0.913924909
1414,0.885631555,0.913813727
1415,0.885460536,0.913652182
1416,0.8850736,0.913592727
1417,0.884793455,0.913524
1418,0.884512991,0.913349273
1419,0.884361645,0.913225909
1420,0.8839067,0.913130455
1421,0.883571827,0.913078091
1422,0.883317755,0.912920545
1423,0.883046664,0.912824
1424,0.882703664,0.912622182
1425,0.882463291,0.912559545
1426,0.882004445,0.912430273
1427,0.881651318,0.912329727
1428,0.881397127,0.912278909
1429,0.881067727,0.912014273
1430,0.880776264,0.911970273
1431,0.880535245,0.911838818
1432,0.880226009,0.911776364
1433,0.879969491,0.911601364
1434,0.879694655,0.911429545
1435,0.8793574,0.911323273
1436,0.879104736,0.911203273
1437,0.878854718,0.911059273
1438,0.878612073,0.910928545
1439,0.878307327,0.910762636
1440,0.8779283,0.910689545
1441,0.877461755,0.910537909
1442,0.877233745,0.91041
1443,0.876889609,0.910246091
1444,0.876480182,0.910161909
1445,0.876159127,0.909891364
1446,0.875883482,0.909817909
1447,0.8757472,0.909698364
1448,0.875398573,0.909606455
1449,0.875136745,0.909361818
1450,0.874856873,0.909198091
1451,0.874544873,0.909119727
1452,0.874202418,0.908978745
1453,0.8737874,0.908767418
1454,0.873445818,0.908641873
1455,0.873125845,0.9085212
1456,0.872855891,0.908357391
1457,0.872446518,0.908275518
1458,0.872132673,0.908065382
1459,0.871800018,0.907891609
1460,0.871543073,0.907771482
1461,0.871215464,0.907553709
1462,0.870883409,0.9073362
1463,0.870615082,0.9071737
1464,0.870364255,0.906921791
1465,0.869958182,0.906730945
1466,0.869717491,0.906658664
1467,0.869458482,0.906478982
1468,0.869168045,0.906284991
1469,0.8688601,0.906122218
1470,0.868660864,0.906001818
1471,0.868274027,0.905828209
1472,0.868002555,0.905579818
1473,0.867560618,0.905481364
1474,0.867249536,0.905275236
1475,0.8669546,0.905074582
1476,0.866699436,0.904756136
1477,0.8664077,0.904581982
1478,0.866179845,0.904297555
1479,0.865782991,0.904137273
1480,0.865433918,0.904032591
1481,0.865127336,0.903781709
1482,0.864802055,0.9035402
1483,0.8644984,0.903392327
1484,0.864224109,0.903328227
1485,0.863866373,0.903159655
1486,0.863506418,0.902902536
1487,0.863143318,0.9027253
1488,0.862882136,0.902459455
1489,0.862559082,0.902226136
1490,0.862137082,0.902040709
1491,0.861897036,0.901932064
1492,0.861600364,0.901641518
1493,0.861211255,0.901303345
1494,0.860750564,0.901053436
1495,0.860304127,0.900862436
1496,0.860126073,0.900612309
1497,0.860037645,0.900354764
1498,0.859676709,0.900132982
1499,0.859462455,0.8998381
1500,0.859134091,0.899738073
1501,0.858768336,0.899372964
1502,0.858475564,0.899152427
1503,0.858033027,0.898912873
1504,0.857693118,0.898589764
1505,0.857191027,0.898431327
1506,0.857059309,0.8981514
1507,0.856461582,0.897991982
1508,0.856248082,0.897701436
1509,0.855957109,0.897455918
1510,0.855760627,0.897270655
1511,0.8556282,0.897072227
1512,0.855180355,0.896830718
1513,0.855129255,0.896530045
1514,0.854380345,0.8962227
1515,0.854139327,0.895874336
1516,0.853828573,0.895651845
1517,0.853576282,0.895369645
1518,0.853242982,0.895100564
1519,0.852954173,0.894881218
1520,0.852617509,0.894600964
1521,0.852258155,0.894389909
1522,0.851925555,0.8941147
1523,0.8514776,0.893878718
1524,0.851122091,0.893648973
1525,0.8507475,0.893408064
1526,0.850395509,0.893177609
1527,0.850001027,0.892900936
1528,0.849701764,0.892631191
1529,0.849383527,0.892333609
1530,0.848827309,0.892071236
1531,0.848541318,0.891833518
1532,0.848083818,0.891576955
1533,0.8477942,0.891328509
1534,0.8475231,0.891062836
1535,0.847085173,0.890761182
1536,0.846648645,0.890498436
1537,0.846340118,0.890238882
1538,0.846060573,0.889976027
1539,0.845739027,0.889734464
1540,0.845158645,0.889434109
1541,0.844695836,0.889137336
1542,0.844393318,0.888901082
1543,0.843724827,0.888541073
1544,0.843532245,0.888424082
1545,0.843061536,0.888063473
1546,0.842812873,0.887812973
1547,0.842493227,0.887599745
1548,0.842185509,0.887343127
1549,0.841628255,0.887086936
1550,0.8413375,0.886911045
1551,0.840874264,0.886660055
1552,0.840494364,0.8864237
1553,0.840199809,0.886250464
1554,0.839731855,0.885988364
1555,0.8394852,0.885595627
1556,0.8391221,0.885344145
1557,0.8386555,0.885119655
1558,0.838311909,0.884831218
1559,0.837915218,0.884542573
1560,0.837556555,0.884290718
1561,0.837204945,0.884061945
1562,0.836423145,0.883702691
1563,0.835602445,0.883521218
1564,0.835193018,0.883352755
1565,0.834748255,0.883007373
1566,0.834268227,0.882819836
1567,0.833977409,0.882565755
1568,0.833510218,0.882247691
1569,0.8330505,0.882083664
1570,0.832613436,0.881830891
1571,0.832189918,0.881473855
1572,0.831795118,0.881139582
1573,0.831393436,0.880926418
1574,0.830944618,0.880612782
1575,0.830496282,0.880402055
1576,0.830000582,0.880130309
1577,0.829505327,0.879846536
1578,0.8290164,0.879634618
1579,0.828594673,0.879346291
1580,0.828185245,0.879095955
1581,0.827782909,0.878738927
1582,0.8273206,0.878540173
1583,0.826829673,0.878223236
1584,0.826458445,0.877921364
1585,0.826004036,0.877679209
1586,0.825627391,0.877410773
1587,0.825114355,0.8770429
1588,0.824682391,0.876893618
1589,0.824234427,0.876600636
1590,0.823852473,0.876373
1591,0.823445918,0.876106182
1592,0.823097173,0.875823927
1593,0.822215355,0.875478873
1594,0.821797736,0.875192936
1595,0.821285355,0.874978736
1596,0.820865682,0.874671227
1597,0.820313527,0.874438718
1598,0.819875818,0.874130182
1599,0.819361264,0.873700491
1600,0.818953945,0.873431727
1601,0.818509836,0.873229555
1602,0.818112709,0.8729822
1603,0.817600709,0.872708718
1604,0.816980709,0.872400673
1605,0.816803036,0.8720625
1606,0.816428064,0.871877673
1607,0.816019718,0.871532236
1608,0.815559355,0.871317336
1609,0.815156809,0.871007391
1610,0.814651309,0.870754445
1611,0.814227845,0.870517491
1612,0.813759455,0.870284273
1613,0.812988882,0.869893755
1614,0.812696,0.869473055
1615,0.812279964,0.869118136
1616,0.811731982,0.868843309
1617,0.811288464,0.868434473
1618,0.810834064,0.868133091
1619,0.8103453,0.867903991
1620,0.809887318,0.867540836
1621,0.809284882,0.867150264
1622,0.809038391,0.866885836
1623,0.808300055,0.866603091
1624,0.8079065,0.8662543
1625,0.807518691,0.865973936
1626,0.807207773,0.865715582
1627,0.806803327,0.865510973
1628,0.8063325,0.865006118
1629,0.805707036,0.864613164
1630,0.805403318,0.864344182
1631,0.804987927,0.864001945
1632,0.8043546,0.863701864
1633,0.803859773,0.863363582
1634,0.803231218,0.863033855
1635,0.802812518,0.862773927
1636,0.802416582,0.862515355
1637,0.801960227,0.862118709
1638,0.801572582,0.861756264
1639,0.801245027,0.861299364
1640,0.800817827,0.861213318
1641,0.800341309,0.860863436
1642,,0.860534582
1643,,0.860184
1644,,0.859806318
1645,,0.859653136
1646,,0.859254982
1647,,0.858867009
1648,,0.858633136
1649,,0.858327418
1650,,0.857952782
1651,,0.857668736
1652,,0.857221755
1653,,0.856903191
1654,,0.856570009
1655,,0.856227764
1656,,0.855853664
1657,,0.855538955
1658,,0.8552399
1659,,0.854977482
1660,,0.8546788
1661,,0.854235345
1662,,0.853809718
1663,,0.853553573
1664,,0.853143227
1665,,0.852869745
1666,,0.852427373
1667,,0.852185864
1668,,0.8518808
1669,,0.851495591
1670,,0.851197945
1671,,0.850888109
1672,,0.850666109
1673,,0.850290491
1674,,0.849822273
1675,,0.8496667
1676,,0.849277973
1677,,0.848889727
1678,,0.848453264
1679,,0.848214845
1680,,0.847909936
1681,,0.847565209
1682,,0.847121691
1683,,0.846795009
1684,,0.846474173
1685,,0.846076555
1686,,0.845795655
1687,,0.8454506
1688,,0.845107164
1689,,0.844757336
1690,,0.8444248
1691,,0.8441102
1692,,0.843697191
1693,,0.843336745
1694,,0.842908245
1695,,0.842612009
1696,,0.842201709
1697,,0.841919945
1698,,0.8415783
1699,,0.840934409
1700,,0.840253236
1701,,0.8398166
1702,,0.839750227
1703,,0.838887964
1704,,0.838960955
1705,,0.838297818
1706,,0.838199473
1707,,0.837815027
1708,,0.837154609
1709,,0.837228245
1710,,0.836210955
1711,,0.8362458
1712,,0.8356549
1713,,0.835198164
1714,,0.835006618
1715,,0.834108155
1716,,0.8342647
1717,,0.833428936
1718,,0.833712545
1719,,0.8328609
1720,,0.832412464
1721,,0.832205036
1722,,0.8316266
1723,,0.831523045
1724,,0.8311755
1725,,0.830682573
1726,,0.829912636
1727,,0.8305613
1728,,0.829331927
1729,,0.829267227
1730,,0.828349318
1731,,0.828245009
1732,,0.827719627
1733,,0.827478391
1734,,0.827077082
1735,,0.826342218
1736,,0.826302873
1737,,0.825519991
1738,,0.825705909
1739,,0.824751473
1740,,0.824460282
1741,,0.823733427
1742,,0.823787236
1743,,0.823015409
1744,,0.823205164
1745,,0.822219955
1746,,0.822212591
1747,,0.821530064
1748,,0.821501073
1749,,0.820805973
1750,,0.820369018
1751,,0.819935309
1752,,0.819595236
1753,,0.819318291
1754,,0.818633491
1755,,0.818463073
1756,,0.817545927
1757,,0.817678627
1758,,0.816856891
1759,,0.816905609
1760,,0.816278236
1761,,0.815620264
1762,,0.815609582
1763,,0.814984064
1764,,0.815125
1765,,0.814225509
1766,,0.813931064
1767,,0.8134125
1768,,0.813128891
1769,,0.812714045
1770,,0.812091991
1771,,0.811792555
1772,,0.811010327
1773,,0.8111867
1774,,0.810281364
1775,,0.810418182
1776,,0.809540745
1777,,0.809179109
1778,,0.808733482
1779,,0.808235891
1780,,0.808035727
1781,,0.807184473
1782,,0.807260491
1783,,0.806433018
1784,,0.806460709
1785,,0.805610255
1786,,0.805500473
1787,,0.804691427
1788,,0.804540891
1789,,0.803995782
1790,,0.804027209
1791,,0.803385327
1792,,0.802720355
1793,,0.802698027
1794,,0.802006555
1795,,0.8019475
1796,,0.801398755
1797,,0.80131
1798,,0.800803036
1799,,0.800687945
1800,,0.800429582
1801,,
1802,,
1803,,
1804,,
1805,,
1806,,
1807,,
1808,,
1809,,
1810,,
1811,,
1812,,
1813,,
1814,,
1815,,
1816,,
1817,,
1818,,
1819,,
1820,,
1821,,
1822,,
1823,,
1824,,
1825,,
1826,,
1827,,
1828,,
1829,,
1830,,
1831,,
1832,,
1833,,
1834,,
1835,,
1836,,
1837,,
1838,,
1839,,
1840,,
1841,,
1842,,
1843,,
1844,,
1845,,
1846,,
1847,,
1848,,
1849,,
1850,,
1851,,
1852,,
1853,,
1854,,
1855,,
1856,,
1857,,
1858,,
1859,,
1860,,
1861,,
1862,,
1863,,
1864,,
1865,,
1866,,
1867,,
1868,,
1869,,
1870,,
1871,,
1872,,
1873,,
1874,,
1875,,
1876,,
1877,,
1878,,
1879,,
1880,,
1881,,
1882,,
1883,,
1884,,
1885,,
1886,,
1887,,
1888,,
1889,,
1890,,
1891,,
1892,,
1893,,
1894,,
1895,,
1896,,
1897,,
1898,,
1899,,
1900,,
1901,,
1902,,
1903,,
1904,,
1905,,
1906,,
1907,,
1908,,
1909,,
1910,,
1911,,
1912,,
1913,,
1914,,
1915,,
1916,,
1917,,
1918,,
1919,,
1920,,
1921,,
1922,,
1923,,
1924,,
1925,,
1926,,
1927,,
1928,,
1929,,
1930,,
1931,,
1932,,
1933,,
1934,,
1935,,
1936,,
1937,,
1938,,
1939,,
1940,,
1941,,
1942,,
1943,,
1944,,
1945,,
1946,,
1947,,
1948,,
1949,,
1950,,
1951,,
1952,,
1953,,
1954,,
1955,,
1956,,
1957,,
1958,,
1959,,
1960,,
1961,,
1962,,
1963,,
1964,,
1965,,
1966,,
1967,,
1968,,
1969,,
1970,,
1971,,
1972,,
1973,,
1974,,
1975,,
1976,,
1977,,
1978,,
1979,,
1980,,
1981,,
1982,,
1983,,
1984,,
1985,,
1986,,
1987,,
1988,,
1989,,
1990,,
1991,,
1992,,
1993,,
1994,,
1995,,
1996,,
1997,,
1998,,
1999,,
2000,,
2001,,
2002,,
2003,,
2004,,
2005,,
2006,,
2007,,
2008,,
2009,,
2010,,
2011,,
2012,,
2013,,
2014,,
2015,,
2016,,
2017,,
2018,,
2019,,
2020,,
2021,,
2022,,
2023,,
2024,,
2025,,
2026,,
2027,,
2028,,
2029,,
2030,,
2031,,
2032,,
2033,,
2034,,
2035,,
2036,,
2037,,
2038,,
2039,,
2040,,
2041,,
2042,,
2043,,
2044,,
2045,,
2046,,
2047,,
2048,,
2049,,
2050,,
2051,,
2052,,
2053,,
2054,,
2055,,
2056,,
2057,,
2058,,
2059,,
2060,,
2061,,
2062,,
2063,,
2064,,
2065,,
2066,,
2067,,
2068,,
2069,,
2070,,
2071,,
2072,,
2073,,
2074,,
2075,,
2076,,
2077,,
2078,,
2079,,
2080,,
2081,,
2082,,
2083,,
2084,,
2085,,
2086,,
2087,,
2088,,
2089,,
2090,,
2091,,
2092,,
2093,,
2094,,
2095,,
2096,,
2097,,
2098,,
2099,,
2100,,
2101,,
2102,,
2103,,
2104,,
2105,,
2106,,
2107,,
2108,,
2109,,
2110,,
2111,,
2112,,
2113,,
2114,,
2115,,
2116,,
2117,,
2118,,
2119,,
2120,,
2121,,
2122,,
2123,,
2124,,
2125,,
2126,,
2127,,
2128,,
2129,,
2130,,
2131,,
2132,,
2133,,
2134,,
2135,,
2136,,
2137,,
2138,,
2139,,
2140,,
2141,,
2142,,
2143,,
2144,,
2145,,
2146,,
2147,,
2148,,
2149,,
2150,,
2151,,
2152,,
2153,,
2154,,
2155,,
2156,,
2157,,
2158,,
2159,,
2160,,
2161,,
2162,,
2163,,
2164,,
2165,,
2166,,
2167,,
2168,,
2169,,
2170,,
2171,,
2172,,
2173,,
2174,,
2175,,
2176,,
2177,,
2178,,
2179,,
2180,,
2181,,
2182,,
2183,,
2184,,
2185,,
2186,,
2187,,
2188,,
2189,,
2190,,
2191,,
2192,,
2193,,
2194,,
2195,,
2196,,
2197,,
2198,,
2199,,
2200,,
2201,,
2202,,
2203,,
2204,,
2205,,
2206,,
2207,,
2208,,
2209,,
2210,,
2211,,
2212,,
2213,,
2214,,
2215,,
2216,,
2217,,
2218,,
2219,,
2220,,
2221,,
2222,,
2223,,
2224,,
2225,,
2226,,
2227,,
2228,,
2229,,
2230,,
2231,,
2232,,
2233,,
2234,,
2235,,
