Cell,Cycle,Tem,Voltage-mean,Voltage,Current,Capacity
NCM Cell 6,1,45,3.2809758977707,2.4999101,-3500.608392121726,3285.502133577202
NCM Cell 6,2,45,3.2810661735668787,2.4999101,-3500.3378359375142,3282.069950106334
NCM Cell 6,3,45,3.2809553315286624,2.4998708,-3500.4185686225032,3277.181290008412
NCM Cell 6,4,45,3.279517801273885,2.4999888,-3500.479514367064,3272.2338539831567
NCM Cell 6,5,45,3.2800760566878986,2.5000281,-3500.402088305138,3266.8224695118547
NCM Cell 6,6,45,3.279577988853503,2.4999495,-3500.315036969372,3261.637897235108
NCM Cell 6,7,45,3.2797331079617837,2.4999495,-3500.325211316354,3257.209296321887
NCM Cell 6,8,45,3.279145384394905,2.4999101,-3500.311348749196,3252.696600860055
NCM Cell 6,9,45,3.2816905415335462,2.4999495,-3500.349658024431,3248.042454763999
NCM Cell 6,10,45,3.2793540372611467,2.4999101,-3500.4689292989447,3243.197024359131
NCM Cell 6,11,45,3.2812822143769966,2.4999101,-3500.395513679162,3238.861609235704
NCM Cell 6,12,45,3.2792302649681533,2.4999888,-3500.345882436952,3234.645610460069
NCM Cell 6,13,45,3.280806710543131,2.4999101,-3500.358914826557,3230.480455710039
NCM Cell 6,14,45,3.2804421482428117,2.4999495,-3500.514613912552,3226.49648874159
NCM Cell 6,15,45,3.280957163258786,2.4998708,-3500.4573858501426,3222.679319372152
NCM Cell 6,16,45,3.280839791373802,2.4999888,-3500.547142704779,3218.5848243311875
NCM Cell 6,17,45,3.2807785287539937,2.4999888,-3500.517649528326,3214.498228493515
NCM Cell 6,18,45,3.2807392808306712,2.4999495,-3500.358994019444,3210.8065570981184
NCM Cell 6,19,45,3.280301884664537,2.4999101,-3500.564189062071,3206.974061270205
NCM Cell 6,20,45,3.279816065814696,2.4998708,-3500.50210152336,3203.366500765654
NCM Cell 6,21,45,3.27989355399361,2.4999495,-3500.531547764323,3199.983663574083
NCM Cell 6,22,45,3.2806704677316296,2.4999495,-3500.492585170736,3196.394927698162
NCM Cell 6,23,45,3.280677013418531,2.5000281,-3500.509430380364,3193.0748127475317
NCM Cell 6,24,45,3.279703858466454,2.4999888,-3500.586452548853,3189.7674562741418
NCM Cell 6,25,45,3.279334768370608,2.4999888,-3500.5880115693017,3186.2510487046943
NCM Cell 6,26,45,3.2794925156549524,2.4999101,-3500.540770872638,3183.156131046959
NCM Cell 6,27,45,3.2785506808306715,2.4999495,-3500.4955370767902,3179.894477138535
NCM Cell 6,28,45,3.2792667118210868,2.4999495,-3500.378826942511,3176.560467851159
NCM Cell 6,29,45,3.278722024920128,2.4998708,-3500.340849567783,3173.5460714484334
NCM Cell 6,30,45,3.279120915654952,2.4998708,-3500.304439123814,3170.647391165906
NCM Cell 6,31,45,3.3268941541786745,2.4999888,-3500.419728023887,3167.984451026336
NCM Cell 6,32,45,3.2777525166134183,2.4999495,-3500.370480155639,3165.10550053087
NCM Cell 6,33,45,3.278448792651757,2.4999101,-3500.4390569527727,3162.2707749572774
NCM Cell 6,34,45,3.2778946594249203,2.4999888,-3500.312706733095,3159.441588116728
NCM Cell 6,35,45,3.2780993329073485,2.4999888,-3500.249850523103,3156.7191514093706
NCM Cell 6,36,45,3.278335699680512,2.4999101,-3500.409843200313,3153.973409196504
NCM Cell 6,37,45,3.278405519808307,2.4998708,-3500.362599569477,3151.339520148925
NCM Cell 6,38,45,3.2785158421725247,2.4998708,-3500.301626341458,3148.926637181941
NCM Cell 6,39,45,3.2779446003194885,2.4999495,-3500.3095813245727,3146.4979246040853
NCM Cell 6,40,45,3.27786434057508,2.4998708,-3500.270190348581,3143.8852346978056
NCM Cell 6,41,45,3.2782534284345046,2.4999101,-3500.281579674212,3141.192601198869
NCM Cell 6,42,45,3.278393564536741,2.4998708,-3500.248922696767,3138.867737659367
NCM Cell 6,43,45,3.277035483386581,2.4999101,-3500.307787282474,3136.366912410616
NCM Cell 6,44,45,3.2769371079872207,2.4999101,-3500.304851916187,3134.231180787895
NCM Cell 6,45,45,3.2773859402555914,2.4999495,-3500.373542803901,3131.493077860514
NCM Cell 6,46,45,3.2778435853035144,2.4999495,-3500.237923798107,3129.4078734518766
NCM Cell 6,47,45,3.277548845686901,2.4998314,-3500.44925563566,3126.77770726237
NCM Cell 6,48,45,3.2773626734824286,2.4998708,-3500.109268633956,3124.94553595242
NCM Cell 6,49,45,3.2788018842948716,2.5002644,-3500.284048526275,3123.0545486752644
NCM Cell 6,50,45,3.276609529392971,2.4998708,-3500.606978787733,3121.0017960822192
NCM Cell 6,52,45,3.277020382108626,2.4997921,-3500.118323042127,3118.417700511476
NCM Cell 6,53,45,3.277152843769968,2.4999888,-3500.4306693357503,3115.514667939995
NCM Cell 6,54,45,3.2771342204472846,2.4999888,-3500.203469753652,3113.2436398822715
NCM Cell 6,55,45,3.2793731830128205,2.4999888,-3500.3291069977863,3111.220858018255
NCM Cell 6,56,45,3.2786325217948713,2.4999495,-3500.729616239284,3107.707355131429
NCM Cell 6,57,45,3.277480327884615,2.4999101,-3500.46680906442,3106.945007922497
NCM Cell 6,58,45,3.277378270926518,2.4999101,-3500.218254265896,3104.957626383462
NCM Cell 6,59,45,3.2777286086261976,2.4997921,-3500.3659471027777,3103.016031436226
NCM Cell 6,60,45,3.2774101000000004,2.4999495,-3500.405828873435,3101.170954657256
NCM Cell 6,61,45,3.2776834476038337,2.4999101,-3500.437745351128,3099.406716988119
NCM Cell 6,62,45,3.2787890105769226,2.4998708,-3500.0632656168923,3098.008568861082
NCM Cell 6,63,45,3.2783093230769236,2.4999101,-3500.0124152464787,3096.106962433405
NCM Cell 6,64,45,3.2786757987179485,2.4999101,-3500.11634319122,3094.276549572486
NCM Cell 6,65,45,3.278716067628205,2.4997921,-3499.956506120931,3092.29250129408
NCM Cell 6,66,45,3.2778991778846156,2.4999101,-3500.0741736032232,3090.449768578015
NCM Cell 6,67,45,3.278528033653847,2.4998708,-3500.101322705178,3089.001666326631
NCM Cell 6,68,45,3.277794055769231,2.4998708,-3499.8156582528222,3087.168785785861
NCM Cell 6,69,45,3.2783904730769233,2.4999101,-3499.9814646244045,3085.438995356444
NCM Cell 6,70,45,3.2786952400641027,2.4999495,-3500.040615300522,3083.665406252441
NCM Cell 6,71,45,3.278167473076923,2.4999888,-3500.029628034182,3081.992196411132
NCM Cell 6,72,45,3.277194862179487,2.4999888,-3500.030307488933,3080.26962454902
NCM Cell 6,73,45,3.2763030134615385,2.4998708,-3499.596307951379,3078.575075261503
NCM Cell 6,74,45,3.277268186217949,2.4999888,-3499.944561726426,3077.000742919923
NCM Cell 6,75,45,3.277302001923077,2.4999101,-3499.917783638052,3075.505709135605
NCM Cell 6,76,45,3.276735496474359,2.4999101,-3499.9303116269816,3073.60201155192
NCM Cell 6,77,45,3.2775609634615384,2.4998708,-3500.178033959259,3072.1641610095207
NCM Cell 6,78,45,3.2776180051282053,2.4999101,-3499.997184747986,3070.5644008085105
NCM Cell 6,79,45,3.2779694759615383,2.4999495,-3499.859512060132,3069.175537004396
NCM Cell 6,80,45,3.2773571490384614,2.4998314,-3499.6662987223167,3067.497315925567
NCM Cell 6,81,45,3.3222745315682283,2.4999495,-3500.134526476291,3065.815556113557
NCM Cell 6,82,45,3.2775130115384616,2.4998314,-3500.073884909709,3064.654266174723
NCM Cell 6,83,45,3.27731551025641,2.4999101,-3500.0266519787046,3063.1788736589897
NCM Cell 6,84,45,3.2773569076923077,2.4999495,-3500.049301992861,3061.8410936897803
NCM Cell 6,85,45,3.2774871362179487,2.4999101,-3499.8759055447385,3060.196802006024
NCM Cell 6,86,45,3.2774236644230776,2.4999888,-3499.787425005049,3058.710581040041
NCM Cell 6,87,45,3.2775584375,2.4998708,-3499.8858038042213,3057.258286252851
NCM Cell 6,88,45,3.276612576923077,2.4998708,-3499.852172229582,3055.923609887153
NCM Cell 6,89,45,3.27757296025641,2.4999888,-3499.872468005628,3054.550704982637
NCM Cell 6,90,45,3.276357907371795,2.4999101,-3500.059118151617,3052.917593731554
NCM Cell 6,91,45,3.2764367875000002,2.4999888,-3499.862061512671,3051.526904018416
NCM Cell 6,92,45,3.2762827012820512,2.4997525,-3499.855267121779,3050.222749109159
NCM Cell 6,93,45,3.2760266400641025,2.4998708,-3499.798132632655,3048.861779053548
NCM Cell 6,94,45,3.276787198392283,2.4997921,-3499.9366874135667,3047.564014272054
NCM Cell 6,95,45,3.275973512179487,2.4999495,-3499.878842948308,3046.0375288193104
NCM Cell 6,96,45,3.276515915384615,2.4999495,-3499.834135124608,3044.660929940186
NCM Cell 6,97,45,3.276562096474359,2.4999495,-3499.9545933548043,3043.410068971487
NCM Cell 6,98,45,3.275045317628205,2.4999101,-3499.995205009439,3042.1018856030296
NCM Cell 6,99,45,3.2759010692307693,2.4999888,-3500.2461349603527,3040.4737240778272
NCM Cell 6,100,45,3.276739916346154,2.4999495,-3500.260337400104,3039.40783415351
NCM Cell 6,101,45,3.275400941025641,2.4998708,-3500.107731151593,3037.934654563125
NCM Cell 6,103,45,3.2823391828124997,2.4999495,-3499.72872507731,3037.1027403199623
NCM Cell 6,104,45,3.2741050112179484,2.4998314,-3500.284690198744,3034.9177847843434
NCM Cell 6,105,45,3.2764502868589744,2.4997921,-3499.99317818606,3033.468785659994
NCM Cell 6,106,45,3.275056931730769,2.4998708,-3500.49353454133,3032.12514311876
NCM Cell 6,107,45,3.276100341666667,2.4999101,-3500.189128804909,3030.5190490915243
NCM Cell 6,108,45,3.2768768413461538,2.4999495,-3500.257343658001,3029.246375502115
NCM Cell 6,109,45,3.276041275,2.4999101,-3500.182243485327,3028.166229947647
NCM Cell 6,110,45,3.2759093996794872,2.4999495,-3500.220467861958,3026.75375188056
NCM Cell 6,111,45,3.2760679092948717,2.4999101,-3500.2526156002277,3025.429016813694
NCM Cell 6,112,45,3.275796707051282,2.4998314,-3500.217753323692,3024.351481618384
NCM Cell 6,113,45,3.275566268269231,2.4998708,-3500.242333079323,3023.2622226753715
NCM Cell 6,114,45,3.2757946852564097,2.4999101,-3500.1120409632067,3021.9046176839192
NCM Cell 6,115,45,3.2757572678456595,2.4999101,-3500.154870754399,3020.588378499619
NCM Cell 6,116,45,3.274561345512821,2.4998708,-3500.703602872657,3019.102655134413
NCM Cell 6,117,45,3.275430724358974,2.4999101,-3500.161896149765,3018.092515509438
NCM Cell 6,118,45,3.2750598291666666,2.4998708,-3500.3221728376398,3016.652658762751
NCM Cell 6,119,45,3.275178958012821,2.4998708,-3500.2421257560777,3015.512928553328
NCM Cell 6,120,45,3.275282191025641,2.4999495,-3500.076328606187,3014.3271226999213
NCM Cell 6,121,45,3.274913815064103,2.4998314,-3500.264638463142,3013.2231356498182
NCM Cell 6,122,45,3.2761016321543406,2.4999101,-3500.156289453825,3011.864696915826
NCM Cell 6,123,45,3.2750652475884245,2.4999495,-3500.0691363829637,3010.4899073167603
NCM Cell 6,124,45,3.273954198076923,2.4999101,-3500.128095002918,3009.625115369195
NCM Cell 6,125,45,3.2754313884244373,2.4998708,-3500.0749565045508,3008.2528810138624
NCM Cell 6,126,45,3.2759964318327977,2.4998708,-3499.8742113779745,3007.132703145888
NCM Cell 6,127,45,3.2757314446945336,2.4998708,-3499.974605942822,3005.853855409749
NCM Cell 6,128,45,3.27525109903537,2.4998314,-3500.011052607116,3004.6945548167546
NCM Cell 6,129,45,3.274695116025641,2.4997921,-3500.136562390719,3003.690630132378
NCM Cell 6,130,45,3.2741732750000003,2.4999101,-3499.5823853581205,3002.690335515409
NCM Cell 6,131,45,3.2748883861736338,2.4997525,-3498.3711270269123,3001.5374358751124
NCM Cell 6,132,45,3.276187597749196,2.4997921,-3499.87761097256,3000.404229246281
NCM Cell 6,133,45,3.2752556594855307,2.4999101,-3499.989931563955,2999.4046550208864
NCM Cell 6,134,45,3.2761705051446945,2.4998708,-3499.889310109475,2998.388000872393
NCM Cell 6,135,45,3.2769834318327975,2.4999101,-3499.755103304493,2997.1368302406127
NCM Cell 6,136,45,3.27554470096463,2.4999101,-3499.745513657343,2995.973030262588
NCM Cell 6,137,45,3.2763054655948554,2.4999888,-3499.825860668768,2994.810772861194
NCM Cell 6,138,45,3.2741886814102563,2.4999101,-3500.173315437041,2993.7801235088427
NCM Cell 6,139,45,3.2742328439102564,2.4998708,-3500.0311964764974,2992.717245622423
NCM Cell 6,140,45,3.2756515520900322,2.4997921,-3499.9549097106624,2991.679147017959
NCM Cell 6,141,45,3.2750267591639872,2.4999101,-3499.8412440281486,2990.181152434626
NCM Cell 6,142,45,3.2754683572347267,2.4998708,-3500.011305115818,2989.348221563178
NCM Cell 6,143,45,3.2760263045016083,2.4998708,-3499.751393428177,2987.970634582519
NCM Cell 6,144,45,3.275233373311897,2.4999101,-3500.045480306368,2986.907645242105
NCM Cell 6,145,45,3.2763845951768493,2.4998314,-3499.9467492047856,2985.941934905055
NCM Cell 6,146,45,3.275283516398714,2.4998314,-3499.8065232874296,2985.0692185103358
NCM Cell 6,147,45,3.2761634160771704,2.4999495,-3500.191766654571,2984.329116884632
NCM Cell 6,148,45,3.27623178585209,2.4998314,-3500.132710489679,2983.117272014702
NCM Cell 6,149,45,3.2742656618589745,2.4998314,-3499.9209770394373,2982.2149725402837
NCM Cell 6,150,45,3.2764346086816722,2.4998708,-3499.9115264344377,2981.043987416449
NCM Cell 6,151,45,3.276059598713826,2.4998314,-3499.89534499464,2979.9633695240614
NCM Cell 6,152,45,3.2758569073954984,2.4999495,-3500.346555044988,2978.959897987196
NCM Cell 6,154,45,3.2743519556270098,2.4999495,-3500.103916693822,2975.7307936419
NCM Cell 6,155,45,3.6737005393442623,2.4999101,-3499.899911265003,2976.842187799341
NCM Cell 6,156,45,3.276301288745981,2.4998314,-3499.849618950652,2975.1714652826595
NCM Cell 6,157,45,3.2743151135048234,2.4998708,-3500.204721639635,2973.669781241455
NCM Cell 6,158,45,3.2742319315112542,2.4998314,-3500.137444198802,2972.337337837725
NCM Cell 6,159,45,3.2755630588424443,2.4999888,-3500.199223499499,2971.6930904395863
NCM Cell 6,160,45,3.274524392282958,2.4999101,-3500.1809848148578,2970.1895387957093
NCM Cell 6,161,45,3.274062913504823,2.4999101,-3500.1864583107563,2969.4234144158227
NCM Cell 6,162,45,3.273405709003215,2.4999495,-3499.865817945503,2968.293030698239
NCM Cell 6,163,45,3.273642463987138,2.4998314,-3499.765598534009,2967.4310305844456
NCM Cell 6,164,45,3.2750065016077174,2.4997921,-3500.068057507729,2966.4851577661134
NCM Cell 6,165,45,3.2738176855305468,2.4998314,-3500.027464584925,2965.2112835108787
NCM Cell 6,166,45,3.274913066559486,2.4998314,-3500.054476460137,2964.656996008708
NCM Cell 6,167,45,3.2738866864951763,2.4999101,-3500.272718082031,2963.739462510985
NCM Cell 6,168,45,3.2729317003215432,2.4998708,-3500.04410108152,2962.511987477893
NCM Cell 6,169,45,3.2735496575562704,2.4998314,-3500.0319866485524,2961.708273753119
NCM Cell 6,170,45,3.273167945016077,2.4999495,-3500.1116159100625,2960.780109493541
NCM Cell 6,171,45,3.27340595659164,2.4998708,-3499.876360723057,2959.978945585938
NCM Cell 6,172,45,3.2725316324758844,2.4999101,-3499.872769938233,2959.3401834516053
NCM Cell 6,173,45,3.272432632475885,2.4997921,-3500.138528993984,2958.3303307425954
NCM Cell 6,174,45,3.2730697003215434,2.4999101,-3499.978594247063,2957.4483443303748
NCM Cell 6,175,45,3.273158325080386,2.4997921,-3499.863440598526,2956.317738006181
NCM Cell 6,176,45,3.2745002061093245,2.4998314,-3500.059964076389,2955.436574384225
NCM Cell 6,177,45,3.2741357131832802,2.4998708,-3499.9700525549238,2954.3677396027306
NCM Cell 6,178,45,3.2744929913183283,2.4999101,-3499.946386540547,2953.313355873753
NCM Cell 6,179,45,3.2729343639871384,2.4998708,-3499.929143241245,2952.241084421792
NCM Cell 6,180,45,3.2719072833865814,2.4998708,-3500.091322427012,2951.5054665290004
NCM Cell 6,181,45,3.2739278311897104,2.4998314,-3500.0982274661933,2950.3570505447
NCM Cell 6,182,45,3.273977582315113,2.4999495,-3499.853551179775,2949.588432710369
NCM Cell 6,183,45,3.2737122192926047,2.4999101,-3500.171634402501,2948.521150841066
NCM Cell 6,184,45,3.2740765893890673,2.4997921,-3499.927964075716,2947.811324632838
NCM Cell 6,185,45,3.2733708964630224,2.4998708,-3500.153358244367,2946.832759118244
NCM Cell 6,186,45,3.273676772990354,2.4998708,-3500.2367437098187,2945.816134226347
NCM Cell 6,187,45,3.2737688160771707,2.4996738,-3500.216645188003,2945.0332502391216
NCM Cell 6,188,45,3.273698422829582,2.4998708,-3500.011085381811,2944.3349705107976
NCM Cell 6,189,45,3.2737417231511254,2.4999495,-3500.030632333912,2943.419841072051
NCM Cell 6,190,45,3.2736320839228297,2.4998314,-3500.036686198797,2942.5735672249293
NCM Cell 6,191,45,3.2735909401929266,2.4998314,-3499.98235982935,2941.608916061607
NCM Cell 6,192,45,3.2733726649517685,2.4999101,-3499.960102032904,2940.5270492030127
NCM Cell 6,193,45,3.273172760450161,2.4999101,-3500.050925108515,2939.432133334554
NCM Cell 6,194,45,3.273318348231511,2.4998708,-3500.120755245741,2938.8053970905216
NCM Cell 6,195,45,3.2740358,2.4999101,-3500.054830703522,2937.94646039022
NCM Cell 6,196,45,3.2731607273311902,2.4999495,-3500.1592435307457,2936.839102761368
NCM Cell 6,197,45,3.2731114836012862,2.4999495,-3500.177080691949,2935.944123029788
NCM Cell 6,198,45,3.272961840836013,2.4999101,-3500.1601337060133,2935.094431681449
NCM Cell 6,199,45,3.272541130546624,2.4999495,-3500.343341484951,2934.025973158637
NCM Cell 6,200,45,3.2723928832258067,2.4998314,-3500.268417081956,2933.164044269342
NCM Cell 6,201,45,3.2728590229032255,2.4998708,-3500.071179649067,2932.5208783506923
NCM Cell 6,202,45,3.272545936774194,2.4998708,-3499.884541630583,2931.5857440262844
NCM Cell 6,203,45,3.2724293380645157,2.4999101,-3499.855449708947,2930.709269207898
